x,y,label
8.913517037536282,-10.724778549915051,0.0
15.21045609186376,-2.1830197032867287,0.0
-6.083635628754358,4.916039258194219,0.0
-14.85781087465479,3.5088195572874117,1.0
5.1355535995706685,10.774448187836287,1.0
5.470688833346566,-12.317271768009714,0.0
3.9909036274736667,-12.588226049011308,0.0
-14.058307626657916,5.016722541107374,1.0
-9.662799044333074,-1.9773679430575064,0.0
3.44613387327543,11.49368155302642,1.0
-15.052674014044252,2.384361255603093,1.0
12.985700070004608,-7.508528407982407,0.0
-8.663654692773543,2.941050134966835,0.0
-9.10781657266825,-6.3749965401445206,0.0
-15.704833069493066,0.44825176759894103,1.0
-3.3166475182665947,6.28885589143229,0.0
-8.36006250137777,11.178099356364774,1.0
7.2339566001791,8.434059353031005,1.0
8.789178894210114,-1.6290180137744106,1.0
-11.484349746623227,8.790393883316154,1.0
-4.356987325964803,-10.80514548506654,0.0
-15.08563327915289,2.8425996730202105,1.0
7.981194642054921,-3.322962111261032,1.0
3.8739291549252197,-6.315542684957372,1.0
9.726388836873351,0.619134053483976,1.0
-8.612305959084678,1.9898179217578553,0.0
-7.133571460927926,4.582485111275901,0.0
-7.386281227908705,4.326520022891401,0.0
8.58143426106873,-2.10016519519883,1.0
-5.728426411130044,11.895156783085906,1.0
-9.722197964400799,-2.461846579754345,0.0
12.743983153880775,-7.381248440658636,0.0
8.858072259315346,-10.74774533864115,0.0
-1.1908216941250014,-5.526091095083514,1.0
-0.7614393326965145,6.422955539308299,0.0
13.825007643955045,-5.799384021972535,0.0
-6.804386978746985,11.401883046454751,1.0
9.053956075637403,-1.8674953004144583,1.0
7.79842346129512,7.9837871587374725,1.0
-6.56522815814133,-9.514248304312664,0.0
3.878435005052864,-12.23560816017104,0.0
-9.139165533939263,0.5857924951742995,0.0
13.997803453286185,-5.49642681204562,0.0
13.705951791032554,-5.892013691617137,0.0
-8.271476659174958,-6.9684715152568515,0.0
15.74136472630687,-1.577214093744757,0.0
-2.093957004535437,12.87618119076684,1.0
9.755760863420484,1.8252488520774106,1.0
13.694247734078306,-5.3752816513091854,0.0
-6.8935908601716,5.226081728610791,0.0
-15.307960703165213,1.700767463267817,1.0
-14.620798480792368,3.0573610160302316,1.0
-9.45312155727686,-0.006287290838010939,0.0
7.790169921203837,-11.379705775993193,0.0
9.152122038438675,-1.0105991960439977,1.0
9.870810022858628,-10.04737906490838,0.0
-0.3866546644768594,-12.46227406954878,0.0
-3.1322525852145167,12.54992828511431,1.0
-12.494941841294061,7.514051146642943,1.0
-8.642281793865935,11.251795488947428,1.0
7.605342311874664,7.734163911643481,1.0
-8.712347343574462,2.3722892625285845,0.0
-9.243031860969005,0.07334073811379385,0.0
-2.4488756202925943,-12.02618138451229,0.0
3.8785706270720137,-6.512889760712313,1.0
-2.3745509307725894,6.5045395491265605,0.0
-5.424257745953011,12.509313875467427,1.0
0.27131623029798224,-12.48608277994496,0.0
6.328646591449335,9.799373440277769,1.0
-3.7555128090219183,-11.266717097383433,0.0
-10.005161779570352,10.199572823272488,1.0
-4.3176279131234025,12.622883760159514,1.0
-7.140623699800333,-8.987974737280673,0.0
-2.980260242330548,-3.876161864323513,1.0
-1.4350027132557521,12.587429320805848,1.0
9.477985141068535,-0.3452726007958855,1.0
0.023811966219499867,12.154904843322907,1.0
-4.864926798625121,-10.88491555586084,0.0
2.206455400533207,11.934291960909373,1.0
8.02857745529191,-2.8189246850101193,1.0
6.817815177283276,-12.07549126516858,0.0
4.397053457624023,10.654566393141943,1.0
-8.972934360529639,10.541981865668527,1.0
12.040632722735722,-8.008358251675832,0.0
-14.538764220240823,3.284817425794328,1.0
11.763043570422305,-9.050670762646565,0.0
4.412019196903686,-6.180975804280672,1.0
2.4868234862611374,11.82897613211916,1.0
-8.36840779927139,2.3171385264411275,0.0
-8.062981048011835,3.133115018696514,0.0
12.846471147929424,-6.960613581629172,0.0
9.277267882452621,-1.0746941003746449,1.0
-6.541641545122406,12.086121556177892,1.0
1.881217835149048,12.17725398219081,1.0
-4.445691655574447,12.46613989150232,1.0
8.651854951188543,-2.638690642662006,1.0
-0.7661494394593868,12.66008045216926,1.0
14.560667748220938,-4.389600598505621,0.0
1.8907960637831898,5.650919113715368,0.0
-2.2191187113918254,12.768307371114886,1.0
-7.516125613553293,3.9866558852727243,0.0
4.740260555780593,-5.746460144041429,1.0
-9.525149322766595,-1.990559122070556,0.0
6.497976577462249,-4.934827694868983,1.0
8.389158189827349,-11.150081913903312,0.0
-9.87740517082247,-3.987765527838578,0.0
-12.784791821806532,7.298814928114024,1.0
-14.019722581659236,4.862520553623845,1.0
0.5319313419058822,6.056077568149237,0.0
-9.814699981750284,-3.759356135474203,0.0
1.6481017215232838,-6.793764457413222,1.0
3.380989363927601,1.3419479551208837,0.0
15.726284855730093,-0.0559469303074997,0.0
-5.488777066011367,-10.624890597153117,0.0
9.624036504429986,-9.940831323278505,0.0
-8.832623525312696,2.0591297894433187,0.0
-8.613687317937424,-5.798048719414503,0.0
4.917361685528668,10.47264489938933,1.0
-3.92943083138653,12.815722160897721,1.0
-12.371144206387333,7.618355694283139,1.0
-3.8291798182859114,12.562873605715499,1.0
-9.622977694552603,-3.14599626262627,0.0
3.7975752533757157,11.031338425499362,1.0
-14.535300494000563,3.5577950119819373,1.0
14.7842602235002,-3.3930496907726506,0.0
-1.0570014008143636,-12.494234130120834,0.0
9.450695293724213,3.939524138339667,1.0
9.747277680945155,-10.226560514495711,0.0
-14.12787130871463,5.387251808656227,1.0
-9.238164019080957,-1.4763719515428981,0.0
0.49786509025157527,-6.673555010334333,1.0
-7.278250078236017,-7.718938524651075,0.0
7.780085341278074,-11.166242752032694,0.0
7.856168460799959,7.132911185479736,1.0
-8.638965845131334,10.980682675897608,1.0
-14.918354669513455,3.815907814572994,1.0
-9.448680901641533,-3.6924259621683175,0.0
3.9949534599755596,-6.33958391809854,1.0
-3.2186819858204037,12.338789376346627,1.0
8.109661362702875,-11.064485444109154,0.0
4.309015518575733,-6.0058369629360815,1.0
-4.992082469486695,12.453633046712657,1.0
10.589231633733926,-9.403976681430144,0.0
-6.509628189381803,-8.548160086796427,0.0
-6.815897674452659,12.141589619419115,1.0
6.812081275514599,-12.15573398811796,0.0
-9.155845159328095,10.461632360798616,1.0
2.964105827093206,-12.412344925254498,0.0
-6.9008865392558745,4.467859545333561,0.0
5.21671659078923,-12.171815831793937,0.0
13.235478562693926,-7.20919392731972,0.0
-9.180547207742142,0.28124677666110687,0.0
-7.132725922161284,11.54802749676074,1.0
2.552778312595451,-12.561015707945709,0.0
4.495089109535755,10.24206190199123,1.0
-3.706710649808258,12.673278670873493,1.0
1.6723373484294901,11.948410177962023,1.0
3.481780641226624,-6.4771395082191905,1.0
1.8251270227861707,12.074836061912798,1.0
-2.737666417607812,-4.154565142080712,1.0
15.145009603425825,-0.312382479352365,0.0
-10.954047015116474,9.05453797711477,1.0
-13.56699361365113,5.817403685185463,1.0
4.954797331381483,9.820691285484159,1.0
-12.460154459929518,7.9152116328548,1.0
1.941952913518706,-6.579091885360287,1.0
-1.806132925905554,6.264478342438062,0.0
-13.365845798096347,6.889899527691087,1.0
15.215337438736938,-0.9916373184640519,0.0
-3.435584335738722,-0.6002614978751458,1.0
-1.8379606811109603,-11.715473835412084,0.0
10.737929350526786,-9.071298636288473,0.0
-8.343422944589495,2.657291527790321,0.0
1.8828978593550383,5.573056878123634,0.0
-9.361255214296609,0.47176970331317153,0.0
8.794358564125078,-10.571756871323801,0.0
4.294132133740134,-6.331007266444961,1.0
-9.530050581836656,-4.553131601734417,0.0
-11.994884820515786,7.895303903026026,1.0
-11.026884054138822,8.909146581659478,1.0
1.9314071089774252,11.723173456013598,1.0
12.7624556670678,-7.1847605731995365,0.0
-8.980487756395014,1.0906382663795404,0.0
1.216198209159867,5.593388769502449,0.0
-6.896651124854717,11.600543453683514,1.0
-7.8782292432689385,2.5771059676074275,0.0
-8.821450753272442,-6.231762840772238,0.0
-6.908941223938442,-8.484137370666508,0.0
-8.900333880026286,10.475472570770144,1.0
-8.807031504029053,1.8839079541265549,0.0
-6.6210023924550345,11.92759394883151,1.0
3.499705440680664,-12.465569544781772,0.0
-4.314337880905063,12.240714555521718,1.0
8.889508531184529,-1.6299290518399248,1.0
3.923056634855999,-6.363884441540921,1.0
-6.4314784464685495,-9.364474066028222,0.0
-13.346271064406013,7.053446978793674,1.0
5.188758713859022,10.725591668309736,1.0
-12.919582061372592,7.3939848678652735,1.0
5.459258919145231,10.137353140823594,1.0
-11.717110428023402,8.45574793210836,1.0
-3.2442302500404123,-4.172964629800062,1.0
15.635762443483141,-0.5629791236332502,0.0
-8.258210564002855,-6.024314221464223,0.0
-11.44118258151847,8.457433219094757,1.0
-15.101039107600508,2.7118872163501218,1.0
-10.528001600642488,9.678659967127922,1.0
-7.404073162218989,-8.49385125394189,0.0
-9.337295837624929,-4.852428564776983,0.0
9.182998018104147,-1.9592791109650456,1.0
9.432221549737367,4.073795807575703,1.0
4.4950880581570525,11.117901873450007,1.0
-7.024171518197131,-8.329995836459217,0.0
-8.894008925313575,-4.894042801408246,0.0
5.586714227908219,10.073918529003457,1.0
14.319023737340403,-3.6464941800864525,0.0
-0.02525975813697988,-12.332824291214079,0.0
-9.079711953371476,-4.5868812123861025,0.0
0.13337941423257493,-13.02473110786398,0.0
14.74757591201796,-4.179518674232372,0.0
9.295434332148302,3.3904693429366137,1.0
-14.618956882358125,4.585818300705914,1.0
-9.138229222451463,-2.4230955512700403,0.0
8.84595757810298,5.468641113553746,1.0
9.24825229453084,4.712874215226666,1.0
-14.67325018323105,2.05995641447607,1.0
-7.5948047752579635,10.97121064086124,1.0
9.154610423289217,-0.6978285819780741,1.0
15.92434645779731,-0.3111073611487918,0.0
-14.798059767778708,3.8852225043416384,1.0
-9.54655729575687,-3.828815432048825,0.0
9.076500132765585,5.229900239454287,1.0
-5.52322143994464,12.038900334759315,1.0
-3.6729190879554956,-11.183259677900708,0.0
7.796594879865994,7.2244525659484635,1.0
8.52543664785956,6.6091399331114795,1.0
-2.2986356020853336,12.686841180137232,1.0
-1.8447994020329717,-5.294815947159146,1.0
1.641593469094258,-12.959258749076064,0.0
8.781800354541453,-1.2829942090225956,1.0
-6.594035934042821,-9.444148740973395,0.0
2.3858406216093657,-12.66850348814523,0.0
8.559866743277224,6.666154744093988,1.0
-7.267501772332876,-8.326543629768773,0.0
12.019304903894612,-8.373326297209747,0.0
-13.923448035796355,5.29447138067998,1.0
9.65532961876926,-10.533324996120522,0.0
-2.7171616677976456,13.00892453702271,1.0
8.347155406220864,-11.165931960361602,0.0
-7.620697209288988,4.103006078911984,0.0
8.738961973270678,4.926793028577256,1.0
-2.6373860575359487,-11.806214276449804,0.0
2.1060763253201644,11.945047125910234,1.0
15.894035374141882,-0.15079653790857286,0.0
-1.8983519894223961,12.452122562545238,1.0
-15.362602419645038,1.3045412548619049,1.0
8.725997181099354,-1.9729656519943821,1.0
8.412418100019028,-2.5033589274540042,1.0
-9.383799078632622,1.082365885439234,0.0
9.271186477256418,1.5144223327826227,1.0
-9.318532196231683,-4.736338091033957,0.0
3.1244057793137556,3.816152917585296,0.0
1.9831667722730346,-6.463924966231371,1.0
6.348521094423886,-11.96459692008925,0.0
-4.010092423619456,12.599831979061952,1.0
9.961984864262627,-9.769383504999313,0.0
-0.398951276585312,12.752027557832523,1.0
1.444122909350481,12.513566701506532,1.0
-9.006096264977158,0.697973348214759,0.0
2.5151390465670027,11.719704386133378,1.0
-3.654630629710425,-11.382410291894312,0.0
-4.124656329726434,-11.513957426844934,0.0
11.486890687131352,-8.858870507737516,0.0
5.78905576382104,-12.036797203276208,0.0
15.292909657319642,-2.8467241737487745,0.0
-14.249110682008558,5.299112859667379,1.0
-6.249834230986248,12.239880504058375,1.0
-13.122460917629668,6.34328134034886,1.0
-10.827391124423666,9.073177073963949,1.0
2.6906483311233704,4.376322345209581,0.0
8.996472264050064,5.272922912372758,1.0
9.787021929647995,-9.67017013664584,0.0
2.790042892656756,-6.333733025217276,1.0
2.4539860703206218,-12.849194132849886,0.0
-13.5894162188338,6.503680087055714,1.0
0.6056668269013239,12.199729816108729,1.0
8.186385024263162,8.459042821677544,1.0
10.690153237737379,-9.270539442008888,0.0
5.149216381467423,-12.203995465078975,0.0
-3.0502361904356197,-11.600602331949332,0.0
4.675128156315739,-12.493065245911447,0.0
8.546932800818967,-10.820184659685046,0.0
9.514223913373545,2.178617362686941,1.0
-4.097878237290066,-10.997089415537674,0.0
15.514333316736678,-0.7777662976413509,0.0
-12.978070870401453,6.813304221108406,1.0
5.284206682364465,-6.08938275592044,1.0
-9.544833982672646,10.457026207592108,1.0
3.183476174094969,12.157923491819089,1.0
-8.356276469297642,-6.4354149685557855,0.0
13.195361614757212,-6.471085754441946,0.0
0.04958146974049776,-12.276560978757331,0.0
-8.35625177350914,2.2455929439085986,0.0
-10.330080082108847,9.882849914341229,1.0
-14.708136110162457,3.387872144387957,1.0
10.811571204626532,-9.725984436111055,0.0
-2.1179644719475696,-4.433973893940827,1.0
-9.018305373054696,1.6168261348788884,0.0
-4.639034863435449,-10.954611908465415,0.0
8.882240823088425,-0.3233296006859614,1.0
-7.322268481593769,11.57439566828924,1.0
8.713562926361721,5.346316063786418,1.0
8.349179900995583,-1.9483356752679506,1.0
-6.6022494647577785,-8.844813183776076,0.0
-13.274445565998985,6.535622074297074,1.0
-13.16815421564917,6.502417039668047,1.0
-0.5357093944701721,-6.271057344406518,1.0
14.959405992713734,-4.399826928259836,0.0
-14.70159672931065,4.328749499576537,1.0
8.027374824917839,-2.778572491633802,1.0
6.183814784344612,-4.785514600060549,1.0
2.295601728062132,11.865486767162341,1.0
9.794192163422073,-10.175053927914217,0.0
0.9410835798295291,-6.625904262897032,1.0
-5.526621843808928,5.417642738506253,0.0
0.2007643283201997,6.050045195345041,0.0
-7.464113548168406,4.100770986165334,0.0
-9.255438448957818,-4.6783498981805245,0.0
-12.850253555064093,7.472155855281527,1.0
3.7536522732287985,-12.66445570916705,0.0
13.918593688791223,-5.790756209832871,0.0
2.592336274381728,-6.210877114748159,1.0
1.5845925863007686,5.628110299380498,0.0
-5.767851536886826,12.008025086361506,1.0
-3.3102422055346894,-3.2259383827262673,1.0
0.7135346254195754,12.483550562541796,1.0
5.61282704139199,-5.659628735170772,1.0
6.8251272481776315,8.798762675090131,1.0
8.176312968491079,7.344066614037452,1.0
14.433713158106281,-4.066442017791609,0.0
2.0015217739293867,-12.842695597301043,0.0
9.917330994654701,0.9261527474563098,1.0
7.493035301426307,8.054650329939859,1.0
-7.899513445218124,-7.596892620565262,0.0
-0.45582627709121015,-12.59251175984737,0.0
0.7579785832919143,-13.03062713270051,0.0
-3.7423442803399807,12.550511233707123,1.0
-5.949936949317795,-9.768840997786816,0.0
-15.652998254916756,1.1520023549078968,1.0
10.340192584664152,-9.673565464944716,0.0
-2.5468418612016595,-4.440571361180797,1.0
7.911618469092913,7.016242940853961,1.0
7.971335247407956,-2.8406995950978593,1.0
15.175443779241276,-3.11239698115677,0.0
2.5928960610410168,-6.621218801442466,1.0
-14.543257017157813,5.046232441137137,1.0
-9.585874245749505,-1.259903354264459,0.0
2.0695108431088034,12.12602708799004,1.0
-2.9186548986378935,-11.863942830932372,0.0
1.7366968200256374,5.241303922597375,0.0
-15.442387225287877,1.9121133098199379,1.0
11.003349725800247,-9.208588060793552,0.0
7.193519784251986,-11.711852629623237,0.0
-7.792298821116904,3.4507882072557314,0.0
-16.11887225098754,-0.24422344067508497,1.0
-15.367005140137206,1.8200904477153956,1.0
6.413807263475607,9.46901774420735,1.0
-14.894922545379412,2.6274579996685463,1.0
-1.8080181679210985,-5.241403608561209,1.0
-7.008165125133267,11.802938072506006,1.0
2.8329327970305442,-12.574244190312976,0.0
0.9165891601828483,-6.663721469274979,1.0
-15.051339901775908,3.118595803947271,1.0
9.307908385913759,0.733638380631099,1.0
4.264946220544594,10.709745604314508,1.0
-13.575536284187873,6.346839034367362,1.0
11.764249993800059,-8.329285005952187,0.0
9.303204307224147,1.4178755867700197,1.0
-2.6335117248979296,12.821910439149436,1.0
-7.643313046536576,3.1375963710407846,0.0
-2.434445896936375,-5.001870587144226,1.0
1.3338766436489664,-12.803946047245022,0.0
6.041194972729529,9.717975338986255,1.0
5.20540266705192,10.369232568313157,1.0
-9.56672070862481,-0.8771028486835233,0.0
-2.70864491923219,-4.370627294629201,1.0
4.1249682996996,-6.286976724710338,1.0
7.7428887269193964,7.777192464648047,1.0
-14.342219114287259,4.558468827567471,1.0
2.650828996493706,12.04847824961089,1.0
-6.8880957523600435,-8.579242315504143,0.0
13.82266820491265,-4.959244210664008,0.0
0.9869484909163515,-12.659415822191852,0.0
11.969887227848549,-8.620973888758147,0.0
0.7239731938724314,-6.143824753261164,1.0
-13.934431757251067,5.3060736279000835,1.0
1.3732392137539147,12.158803139496017,1.0
-0.3787127909747999,6.322741929928314,0.0
7.199773279101639,-3.835936991482193,1.0
8.88378992624886,-10.82982220838404,0.0
-0.643149764235528,-12.501473370303252,0.0
14.45062955926305,-5.077395383492719,0.0
-4.527950534544922,5.988697904026855,0.0
9.7898506417091,-10.174159429977246,0.0
-2.2506058397067954,12.717771807744505,1.0
7.634878364174815,-11.216356600530009,0.0
-3.3598014465486665,-4.1764869780106,1.0
-0.06104491936708932,-12.647692741934948,0.0
8.933035664473921,-1.965534071226758,1.0
5.202577627309661,-6.135582627579804,1.0
-9.51906143643348,-3.4244344310680175,0.0
-8.05415453894192,-7.284585177690491,0.0
0.45707114481710753,-5.938372749702731,1.0
-14.279495831193255,5.136727229004541,1.0
-5.672978255899375,-10.068275215184908,0.0
13.358076323227356,-5.6440980198206265,0.0
-0.5523701359007313,12.795301176614755,1.0
0.8362210968079264,12.517778461132698,1.0
-3.214998564371548,-11.548743295595404,0.0
5.76106169064918,-12.206188560019527,0.0
-0.24248777029445806,12.192210898008383,1.0
0.7350190698673137,12.566137769096976,1.0
5.3824702441591485,-12.335527564590551,0.0
-8.653773129675633,3.2004692018188057,0.0
2.1560205393001954,-13.110373049492605,0.0
-2.58485971911312,12.406219829379936,1.0
-6.431518602619383,-9.303977325585999,0.0
-8.849870337567893,-5.313359169134898,0.0
5.094513864832031,10.450489820044176,1.0
-10.233853901448526,10.304507575256558,1.0
10.99867332954854,-9.152215339477571,0.0
-0.6092791146068576,-12.070624417848196,0.0
-4.69372182505355,5.616548315750828,0.0
0.3540526630285831,-6.686279172853416,1.0
-8.90786497268341,-5.427047608027013,0.0
9.190950293926141,-10.53483246295277,0.0
-3.2356827785622877,-4.036175439782846,1.0
-13.856617862923219,5.803193113661833,1.0
10.040128017697496,-9.645324700530702,0.0
-10.537476667726992,10.20371251745933,1.0
-7.55666335195102,-8.265956362664527,0.0
0.9279607437717801,5.86469956318014,0.0
-8.506518118554327,1.413637645523352,0.0
-4.736565838731607,-10.62850642572332,0.0
-2.7953593029463515,6.319808884042762,0.0
-15.349994236956908,1.2706985561055055,1.0
-9.462693423952535,-1.144660444881759,0.0
-9.649416009925952,0.3899591590089258,0.0
-1.0907766225814393,-5.9961915435866455,1.0
-3.8570843805868567,-1.5060315091572156,1.0
-4.510156635231153,6.280513505816598,0.0
-8.489938066395311,-6.408481944504167,0.0
-7.0581337890128495,4.505630103039547,0.0
15.550721641694746,-0.32308765405497586,0.0
9.634021058741581,0.9770671241635049,1.0
14.961922437094387,-2.537784062467415,0.0
14.984828581362931,-2.2146071603572373,0.0
7.525506317704121,-11.595509525695983,0.0
-3.1016501062023774,13.049811048294128,1.0
5.591754169873998,10.122691393289019,1.0
15.35224828484824,-2.474949150577337,0.0
10.754532599126282,-9.298594836292875,0.0
15.518337513368186,-2.4524153818113232,0.0
-12.673009453881832,7.876720736406469,1.0
9.783233739816716,3.3267606194304373,1.0
3.583915858489293,1.812948051533523,0.0
-7.806994142498322,3.7221002958439895,0.0
-6.3485452496806145,5.109867220088726,0.0
-4.906280777242856,12.745864739120082,1.0
-3.418480095589309,-11.371098854438449,0.0
15.292910949755628,-1.7545322013317217,0.0
-9.30722155546912,-3.4068502399039087,0.0
7.461042338513491,-11.297878047453066,0.0
-14.543922265532899,3.88800294787255,1.0
-9.261838446137837,-3.8724915702543488,0.0
9.634929568897233,4.3880547332443225,1.0
0.19645783277721496,-6.519929526131678,1.0
-4.591544526657645,-10.890090831846381,0.0
-9.434375034565726,0.577469335840165,0.0
-6.877903431704391,4.72229084092656,0.0
0.39835847383110823,6.068005412641847,0.0
2.0742974042961184,-6.284788782056391,1.0
-2.5140936826886513,-11.802874578711833,0.0
-9.275123783523773,-3.5581680378169103,0.0
9.699795830711164,3.3057385293519155,1.0
-7.243164512200272,-8.5441243953138,0.0
9.293995636170811,4.867306487998922,1.0
9.40247744103776,3.8523653185451807,1.0
-8.050021778778532,-7.786342834790271,0.0
-1.360473262492135,-12.283023844733396,0.0
13.745488561139675,-5.023260841438604,0.0
12.830167867094747,-7.057491684615517,0.0
-10.613804704901158,9.464203731309176,1.0
0.5250014729702104,-12.299939286207882,0.0
-8.764174884049185,-5.7634694928996355,0.0
-2.209725144159191,-12.115414454477506,0.0
8.401454573166887,6.584121758571459,1.0
2.75472982349826,-12.787300397371435,0.0
6.117361277684617,-5.299547479705472,1.0
-3.0564916786312573,12.736612318083848,1.0
8.8974223299926,5.997625652241505,1.0
1.8045822472305468,12.307232307234093,1.0
-7.1668213353887,-8.279859026109802,0.0
-2.90526303306018,-11.418341875569721,0.0
-0.5764874799368438,-6.1446336066051055,1.0
-14.788335266223049,3.6297382374752747,1.0
-1.4961506221878664,-5.558136037129368,1.0
12.156450023657836,-7.934281903079494,0.0
-14.284391620156601,4.802758757354448,1.0
5.957267634107688,-11.84037547803321,0.0
4.992108463956671,-5.92697818072757,1.0
-14.562110959006928,4.470897716138093,1.0
8.43909462539879,-2.6330379967677766,1.0
-6.673481546835529,4.776262839375864,0.0
6.568143688385133,-4.904359961909697,1.0
-5.33448285035256,12.426688077430544,1.0
10.27725587701937,-10.091886336498844,0.0
-6.5504298062388395,-9.181917861007435,0.0
-15.160455839304197,3.2482973427467514,1.0
4.119001582046692,10.821667254165494,1.0
9.312019978651763,2.7992474895401407,1.0
0.5415038797884296,-6.369560396264864,1.0
6.222552245149719,9.379154948671012,1.0
-9.019868757847785,-6.137183489150563,0.0
9.558833209246611,-10.456011462253771,0.0
14.031789381646817,-5.774197857172679,0.0
10.047524282329409,-9.895639936696528,0.0
-3.929435761903053,6.31534512808584,0.0
3.8768271433060773,11.456517112250358,1.0
-11.736852899487277,8.346153176060971,1.0
15.746539706363846,-1.5197036914512458,0.0
6.785658088255485,9.282696596522388,1.0
13.165668881671202,-6.853636423672175,0.0
-5.406846241535547,5.349232910538392,0.0
10.731363675212737,-9.138925628259209,0.0
0.39758003755525995,-6.2370014245477865,1.0
-16.034311584705783,0.7477431163559496,1.0
14.341059286027068,-4.063381533964721,0.0
-9.556536979446042,-2.2067307297099923,0.0
-9.574578345718695,-0.6045857835032841,0.0
-2.1749272872900813,6.828773332693103,0.0
2.283940687734353,4.782436687499926,0.0
14.133936636996415,-4.866798916408207,0.0
-2.3666706770429187,-11.714649897883207,0.0
-11.002923110963232,9.070577910609385,1.0
15.219035144408757,-2.780824384647513,0.0
-3.3881456722715195,-11.876307249829214,0.0
-3.0884928682999675,12.642956330343473,1.0
8.79248392121748,5.598221152008193,1.0
0.7374061681272478,12.570960749863222,1.0
-11.759386193351105,8.34779798239012,1.0
6.536408418401695,9.486139430958108,1.0
9.161691834358324,3.9843015436828604,1.0
3.5470674302732235,3.385542779697657,0.0
-9.435217925694454,-4.834553371023138,0.0
14.331348997597326,-4.266310872835161,0.0
7.600644380679677,7.758456818394551,1.0
9.322854041724709,4.098138342304549,1.0
-11.996860125946377,8.592894387066453,1.0
-8.365527484231361,3.553791835907368,0.0
0.5030684256070379,-12.579940194831527,0.0
-8.024504982700423,-7.617507427280472,0.0
-7.290275471701603,3.467215228010535,0.0
4.9526914000962,-11.865717412955362,0.0
0.08343974321998524,12.631226318477907,1.0
11.765460490969469,-8.905869076938647,0.0
3.9755805538056377,11.134770284962093,1.0
-4.388236921330472,-10.467091437496173,0.0
-9.432720354019073,0.008716915445252216,0.0
3.0251163915320642,-12.705209831315818,0.0
-8.666047703626363,-6.698471344901872,0.0
2.866523228866888,-6.772326943715112,1.0
3.1748505308440715,4.074338589280792,0.0
2.1121572108139315,5.531507506058841,0.0
6.922468457621286,-11.741371016983756,0.0
-3.7355435774387997,-1.7543460054347846,1.0
7.145901831636236,9.04352436675747,1.0
-5.6510153633887406,-10.120580325020137,0.0
0.5424655075447653,-12.576056781506104,0.0
1.7013485126598358,-12.546148703754119,0.0
8.954060535374154,-1.4299548297731741,1.0
-8.305520403793558,11.070380115406076,1.0
4.396914558093193,10.756595961698856,1.0
-7.986717287666742,3.1890439900727805,0.0
9.835438723711844,2.0908373866841585,1.0
4.388458668436233,10.771043891071026,1.0
-6.180141898581629,4.786325685633654,0.0
0.1298126031879543,6.212613124545077,0.0
-1.1086390212707338,6.304334841174828,0.0
4.877012227863304,10.70487107501533,1.0
-6.4501955398055495,4.849746834614028,0.0
5.545867911184545,-5.601761601014912,1.0
-2.902475265851755,-12.100410620028523,0.0
2.3946546314180353,12.240711652497385,1.0
-1.6343022472114135,12.324712940787263,1.0
-8.380984302351198,11.222993480718268,1.0
2.2034484688881375,-12.982634573510794,0.0
6.465235104020291,-4.575991798234795,1.0
-0.47531619303783845,6.316780369174758,0.0
-1.5389716758934786,-5.116739966947982,1.0
3.680657201477243,11.213196721042936,1.0
-15.933709418059559,0.467513966708361,1.0
-7.353304057624128,-8.755251353789275,0.0
3.3841726369999483,10.966123235943298,1.0
-1.8962145285514258,6.38936682266688,0.0
3.2993563675152737,11.44026038781872,1.0
4.125581708018415,11.296449872276161,1.0
-6.682014341329232,11.55767874118223,1.0
12.787719021081127,-6.937565881495409,0.0
-3.2378986476958764,-11.018926578557274,0.0
-9.377901101948689,-1.7342329286759697,0.0
0.8054274906367755,12.506610016241318,1.0
4.58584702266388,10.81268181827147,1.0
-7.628847070546963,11.491719753389322,1.0
2.18317587506526,11.90825624374911,1.0
-4.418257263434812,12.295488224894266,1.0
10.020899075071124,-10.071312139555559,0.0
4.4088433160441465,10.599624442113432,1.0
2.0794807226506093,12.079080053154957,1.0
-9.567842521333894,-1.9395495252018198,0.0
-4.367259767189651,6.429782414447433,0.0
-11.839740807679314,8.529987630932293,1.0
14.712220210874769,-3.708792336276714,0.0
10.200115289817656,-9.571520518826524,0.0
-5.904445635377817,-10.2109196059546,0.0
3.9583592351616725,-6.592039681802852,1.0
9.497350687558596,-10.389960333168135,0.0
-9.208327194670225,-1.013837675668344,0.0
-10.563353558484764,9.498332682650956,1.0
14.44430264249443,-4.359064986818543,0.0
-4.133862386555723,12.504255356063673,1.0
0.33654494833479237,-12.846111840714789,0.0
-12.47521113635725,7.8893144632178105,1.0
-2.1854205416618266,-12.188320101452511,0.0
9.559693590678672,3.18974155041648,1.0
10.162405532102143,-10.215065326360222,0.0
-14.435506968389786,4.262752471982301,1.0
2.2183162476302103,-6.415194167466829,1.0
-13.3096486665475,6.410715967711723,1.0
-3.445288635870919,-3.921121459470591,1.0
14.19703144527397,-4.863651728223637,0.0
8.569881659066164,-10.814507606188393,0.0
-7.771685314101783,3.648892373495269,0.0
3.595753354690856,-12.542050227299226,0.0
-1.2667074322964424,-5.5963702835976505,1.0
7.369547971028908,8.228443078480641,1.0
-9.183248678611655,-4.909982034720643,0.0
-10.558938104902728,9.635990545928049,1.0
15.10668263842477,-2.285386837262801,0.0
-9.807189254253707,9.917576804066442,1.0
6.490607563091679,9.473214570210386,1.0
-3.6718579886889033,12.750145957327963,1.0
-2.4201600018052356,-11.894140184115274,0.0
-9.415184681551047,-1.998314464617053,0.0
3.416464057536374,3.5744527969593642,0.0
2.769533987685227,4.069175874363516,0.0
-13.41441766231532,6.455201349565821,1.0
-13.16902342402941,7.120056045285703,1.0
-9.940980944283702,-2.48458419993938,0.0
-0.9266931320567593,-12.137530931483283,0.0
1.614957207608793,5.195833839657735,0.0
1.4051754515537729,5.658134738356396,0.0
7.029685490563933,-4.910833730551952,1.0
-12.657588021763893,6.988720798420274,1.0
-2.2390333695653157,12.887925844985228,1.0
12.103403804379957,-8.471668426653947,0.0
9.01272913345242,-1.4990797395636073,1.0
-7.8234888367767645,11.567164052454103,1.0
-6.219037730605047,4.897290504183626,0.0
-4.2957348747018305,-10.955817939214196,0.0
-7.99791656679563,-7.747084056546986,0.0
9.552779029630948,-0.46277776163440737,1.0
-9.783532943676825,-2.8750743980894553,0.0
-14.820681800887996,3.6674059831261285,1.0
-0.49643091474513107,-5.92355909413853,1.0
2.241439205799588,-12.773040342930853,0.0
-8.651344440451325,2.4825766641110407,0.0
-9.570883536520471,-4.063645050141027,0.0
9.725522063041014,-10.145167932359543,0.0
13.170333341656598,-6.5773349183253105,0.0
9.800059861904963,2.801238828527626,1.0
-12.149977293684545,8.374603019111902,1.0
-7.589927622212086,3.7316298123801497,0.0
6.516403774780345,9.221144857573423,1.0
-1.6110661458729503,-12.334301890953235,0.0
8.285816904488303,7.136145074736647,1.0
-14.538534741856783,3.8042135112310373,1.0
6.850388067086986,8.46730978456497,1.0
-4.232637058394957,12.763753269016739,1.0
-0.25276284489643835,-6.311016791518488,1.0
-8.960278679130427,-4.244050315402196,0.0
-15.262546993511457,1.5175445743484874,1.0
2.8738586471990244,3.7063807526688057,0.0
-10.195128534150724,9.391976258463924,1.0
14.002523373321168,-5.223795568622815,0.0
-9.278361232466988,-4.840523903750525,0.0
-12.490772647391356,7.494852253228957,1.0
-12.94378573104218,6.462980718041096,1.0
7.111887955720738,8.265951440506214,1.0
-14.657364062311926,3.413653060200023,1.0
0.09617750593047009,-6.416438446466679,1.0
-0.09007091115945925,6.15585655294338,0.0
4.281489939219622,-12.5429309460763,0.0
-1.6745307567542456,-12.175195859078102,0.0
-12.716565501124515,7.435433689582115,1.0
6.4066196927597865,9.259139894648829,1.0
-5.736029969183976,5.833282082091073,0.0
-11.88396907809349,7.785140436146252,1.0
2.588038664864801,-6.428466534828239,1.0
-9.261135263232667,-4.798558190857665,0.0
-9.919216237575911,10.634432390406683,1.0
14.856534046907358,-2.603776871335394,0.0
-11.349793421210011,8.367517167187913,1.0
3.3055754437543796,3.835831440129333,0.0
-0.37589137284238233,12.593622607932616,1.0
9.193445105462187,4.66781945256748,1.0
-8.819074037547301,10.686860457865635,1.0
-1.1676669967757767,12.911070201894745,1.0
12.043852434442428,-8.331936494533972,0.0
-5.554569040230697,12.133165381795461,1.0
12.382937848413102,-7.480429268723193,0.0
15.626017763233301,-0.46364527117276316,0.0
-14.453510133667947,4.006661160341924,1.0
0.06297738698318889,12.732683994866393,1.0
-6.620334633316702,4.759397344102719,0.0
-11.753622562670706,8.357645113304043,1.0
8.640563235808573,6.890970818007711,1.0
-8.455709219769666,-7.356389226563007,0.0
8.339640163140377,6.086647354358202,1.0
6.606848606279399,-11.504673466003288,0.0
-7.9165097736169825,-7.434052452715244,0.0
9.736358715934289,-0.47945165844538884,1.0
2.6197130703380425,-6.837517993323073,1.0
8.694123872553945,-1.8164808156789334,1.0
10.50274244074605,-9.39510510111838,0.0
-0.3645393137615203,-12.65974866495507,0.0
6.707128781625875,-11.644105779826871,0.0
-14.595860932790762,4.022625353929686,1.0
13.669865587042318,-5.57220547028684,0.0
3.1438740839642816,11.723437533367392,1.0
3.270586308184976,11.872487132630747,1.0
-8.003397405755743,3.113263341970631,0.0
-9.644992282371776,10.112178989482356,1.0
-9.46372782123947,0.4948782354577138,0.0
2.2806350955061285,-12.643782652124877,0.0
-8.690570816848341,10.864360960924666,1.0
-10.833419538922351,9.277025520601512,1.0
-7.42325953764454,3.9666684154164535,0.0
-9.378950250738011,-3.1438005112430485,0.0
9.221949332149435,-10.472413195524542,0.0
4.8515239089690025,-5.902526874069922,1.0
-8.994031401630616,1.570371646599125,0.0
-7.499046858649664,11.373661659782048,1.0
6.693003284597642,8.589375232325795,1.0
-8.94382825105747,-5.303969479220093,0.0
8.131274998929303,7.368605272228445,1.0
1.1369124138515623,-6.686422411103192,1.0
-1.270749976381435,-5.684947759058591,1.0
9.260741353342224,4.307628436746503,1.0
-0.11881550612147103,-6.167990344849035,1.0
-7.897961894668386,3.526133630479173,0.0
3.9302400152481436,1.5073974648285573,0.0
12.054720202940201,-8.689453898523237,0.0
-3.5301797820497853,-11.278763558344947,0.0
8.398395829469784,-2.470541133056951,1.0
-2.985578368281605,12.291005126463014,1.0
13.207031184619021,-7.13195623924455,0.0
6.642512929402177,-11.907664679698621,0.0
-7.336167111765976,3.939564218582026,0.0
-10.70882576124906,9.269344090663784,1.0
-13.117864985510783,7.363563525087405,1.0
4.641268001816379,-12.6570016722003,0.0
7.88825451200009,7.2487887865769665,1.0
-2.100314805644626,6.550937920156087,0.0
-6.383704573147742,12.098020775299968,1.0
8.91678153421513,-2.01303363486375,1.0
-3.855729916619694,-11.619650727215152,0.0
13.830346301113805,-5.9200458125748945,0.0
-8.946554681664537,-6.91065914583053,0.0
7.089481717225674,-11.660159904600516,0.0
2.696442257718645,4.566831189298286,0.0
9.530105953872019,-10.476896270895214,0.0
7.115175429237153,-4.486250360770743,1.0
-13.223213897641267,6.4097084577478185,1.0
-15.412203661419678,2.125720314118179,1.0
6.55401092691588,-11.918363940198606,0.0
-9.26168224135965,-2.880664295704971,0.0
7.653515872598886,-4.174486013221837,1.0
12.98796236721249,-6.99154930477326,0.0
-9.444087391016918,-0.8505135919935438,0.0
-3.3001109677653373,6.343997460849505,0.0
-4.7283793820852695,12.116996967956021,1.0
0.9987827433414471,-12.882504188100658,0.0
-10.049366959467205,10.16793833521385,1.0
-1.2495554423596882,12.819665986603693,1.0
3.5952337123625457,-6.573879262686318,1.0
-6.849500904351012,4.277201886818939,0.0
2.57182800273626,11.926263812104308,1.0
7.0321239673871725,8.822821408122504,1.0
15.545344493401432,-0.6212418132373876,0.0
5.475382680075971,-12.45489060479323,0.0
14.94217181058342,-3.5228280906376432,0.0
-9.4041201810851,-0.2735933695085931,0.0
13.006252226591219,-5.737238136550585,0.0
7.252593011751093,-4.569816505084226,1.0
-15.059456818249437,3.0563141637213977,1.0
-15.122346646407328,3.177893113959144,1.0
10.717991736715033,-9.041063492996493,0.0
2.659903164816116,11.951829740980745,1.0
-6.919656267289113,4.6459104972687415,0.0
-1.841988073368477,-5.092838611074113,1.0
2.8457036916451033,4.089831636422316,0.0
8.721562691053844,-2.354526988078699,1.0
-9.430586128943805,10.392445691760182,1.0
-9.64971453150845,-1.5258107351277612,0.0
9.711318402935,2.9209411021672933,1.0
8.91951714269924,-10.666000951285515,0.0
-9.40049210106378,0.03727410388600785,0.0
-0.20535512068254166,12.641104851732745,1.0
9.311232876310621,5.081585644102705,1.0
7.525432468719698,-11.902570159153498,0.0
5.724836475225405,-5.195849726430848,1.0
4.035585443260253,-12.486297288538442,0.0
-10.699128696439637,9.603372976963255,1.0
-2.236356802903489,6.548310630676985,0.0
-7.9842702982355505,3.41435584284798,0.0
2.500765370664212,11.997295160777897,1.0
14.941806278732567,-3.208204279147196,0.0
9.756092426234316,1.9926298135958973,1.0
0.22139184933431122,-12.775122144910222,0.0
-0.4562584354221353,-12.617269383449381,0.0
-7.201376328488503,-8.545016705571827,0.0
-1.7739512408707363,-12.368433145458983,0.0
6.599560881775489,9.281983662153218,1.0
-0.09580779430107751,12.890017807113493,1.0
-10.423667804098844,9.520169197937914,1.0
14.742045679916826,-4.46443166205422,0.0
-9.642075085173582,-1.3090800738293702,0.0
-12.675928584568604,7.173791974622637,1.0
-4.521178419603275,12.378802088429335,1.0
-15.643746731426706,1.4993809310050292,1.0
-15.228101382006761,1.9207546992634532,1.0
7.281849834521583,7.844873179354294,1.0
6.18814369394584,9.00171414243965,1.0
9.306949072227642,-10.652283852555312,0.0
-4.200045538051412,12.511641882894864,1.0
3.3679487098562193,3.0814970015540823,0.0
-1.5417398788935424,-11.965587946031517,0.0
11.940783955887886,-8.184352406484004,0.0
9.219914122136943,4.989869628292126,1.0
12.835434613177355,-6.835172177213276,0.0
-1.2374416441439862,12.747059006592625,1.0
8.764632561008325,6.4079103571366005,1.0
-8.443469257678553,2.9961951792483035,0.0
-1.7878965856227258,12.790911456908217,1.0
0.9618657659339406,12.497669933084389,1.0
10.138999255817604,-9.720016061665389,0.0
-12.430300425758325,7.46725960943344,1.0
-6.8557408747453925,4.83948542758505,0.0
5.958716907997448,-12.19285423283123,0.0
-0.6972420890983411,-5.800794491364139,1.0
11.129656500709858,-9.208089406271691,0.0
2.4235415589605966,4.745911023664097,0.0
9.748853356779307,-10.666595942379347,0.0
-2.061754464608511,-5.2190473965158155,1.0
-14.473636848516092,3.805317540754368,1.0
5.7649804560988525,-5.726623157948734,1.0
0.08382284087855266,6.31534038751938,0.0
2.533826919879287,4.427034329208482,0.0
5.766416294097968,10.306126941798338,1.0
6.188846397621944,9.577132306953803,1.0
-7.950486799303654,-7.689876677116917,0.0
0.19305281134629804,-12.487111134934159,0.0
5.951712524545977,-5.459106781694548,1.0
9.576028353235092,-0.14846763110914496,1.0
-0.2593177492333469,12.586770149085112,1.0
-11.32635956656858,8.935725770439186,1.0
9.535728503824739,-0.4638389020132319,1.0
-0.06373656750042145,-12.654272030259563,0.0
0.9678746500940886,-12.312028601051633,0.0
-4.30372466798787,12.594690281991726,1.0
13.202864903109916,-6.717135361290567,0.0
-15.696501368917374,0.6926063733527636,1.0
-9.338578514432538,0.00031888491222763216,0.0
-14.026914739766285,5.837758945502852,1.0
-8.811701875106824,-5.347364007351659,0.0
-9.343540178991251,-1.665516186279557,0.0
-7.345933946939018,-8.324698149508363,0.0
-14.398140101883707,4.873651937655865,1.0
-9.943597916622826,10.024641891316517,1.0
-14.231931694677096,5.087905478609174,1.0
-9.034456049874304,-5.258353205697178,0.0
6.828971790999503,-11.675243984949411,0.0
-15.094759083399554,2.253620354546445,1.0
-8.842212635392334,1.6005701263867846,0.0
0.07173831440442524,12.357251967510537,1.0
8.540992377364566,7.6907637902573915,1.0
-9.110756110053313,-5.285469824190831,0.0
7.867138979059205,-3.159160775815504,1.0
-0.12099352914091852,6.302642134611946,0.0
-2.9056823289307285,-12.024959625665446,0.0
8.703713454458505,-1.2867685935177415,1.0
5.364645026791404,10.095759276809254,1.0
-8.260682432547275,3.106408641374557,0.0
-1.7695265979189736,6.71724296599216,0.0
-3.73181866592361,-2.714398804076042,1.0
0.6812829426534529,-12.612787204193399,0.0
4.8596542769223,-5.677139366615441,1.0
5.6419101936135565,-5.539789039875559,1.0
12.047503400066313,-8.220371633083495,0.0
-8.872434260860526,1.123991712084626,0.0
-9.336032475629946,10.46201190093152,1.0
8.166779149094284,-3.43006694821384,1.0
-14.244718170614147,4.615745706561166,1.0
-7.584875468141824,11.649768607717553,1.0
-0.433623049384592,-12.521827851357097,0.0
12.112860131865451,-7.864125857275673,0.0
10.628125807079279,-9.059741710117517,0.0
14.698579143948862,-4.220265268666485,0.0
3.2472537030169217,3.7576700418553353,0.0
4.0915477152112105,-12.37252086456544,0.0
-0.9376746718505358,-5.544082608819989,1.0
-7.559309081752214,-7.604308429241517,0.0
-9.351822702298279,10.455962969628597,1.0
-9.599598297761556,9.944259610925366,1.0
-0.3736248700085445,6.087938693445639,0.0
4.744240007693797,10.668482336348486,1.0
-5.933139499930944,12.129458168016916,1.0
7.250434602911538,8.246083744849402,1.0
-15.861311994835187,0.8556696925603001,1.0
-6.58051034003463,-9.059589569642144,0.0
-6.254889453806162,11.77801787658784,1.0
5.311173662673721,-12.423931969036454,0.0
8.930275868598835,-10.534044594995747,0.0
11.766310930071816,-8.951191998283822,0.0
-13.294830298576734,6.806266728414419,1.0
1.4016038745762605,12.14316543430879,1.0
-1.7930557060155783,-12.203128248318954,0.0
-1.602168076609355,12.67474451970909,1.0
8.83940534939346,-1.6117358715831451,1.0
9.590758357374217,3.791152053523999,1.0
9.975213497682235,2.034305358359319,1.0
-0.7760743888954299,6.686475963375569,0.0
12.172905694316725,-7.675294845696736,0.0
-1.404114863896534,-12.070358321886282,0.0
8.309601408203527,7.116806720669259,1.0
0.5124920590240545,-6.653282803455833,1.0
-8.206880635322037,11.268291159589028,1.0
-2.035224252558047,-12.15768441147935,0.0
-7.467446707354573,4.346286172971946,0.0
2.225571505298491,-12.803144031796458,0.0
3.7307519581359316,2.8307281686882604,0.0
1.5408194470012608,5.680159904250533,0.0
9.010613956828875,5.079584960152228,1.0
-15.721521709100646,0.7672978740669474,1.0
-7.555960616347028,-7.894854769217302,0.0
-0.6961723601506317,12.642064001812374,1.0
-4.926676120829967,-10.683202910799466,0.0
8.884091794062332,5.740738424834956,1.0
6.897668730005822,-11.262583954089665,0.0
7.258334663644875,-4.026207767982555,1.0
15.604884706872687,-2.63454970363672,0.0
-1.2181439671264092,-6.1141672317872455,1.0
12.744354740871207,-6.9984594789739205,0.0
9.864181989219718,-9.921765307882644,0.0
9.185313436863764,-1.022013783392998,1.0
15.731245359752274,-0.45074025929953854,0.0
0.28470896271838786,12.554513776256892,1.0
-8.2577529321144,-6.9583281450989745,0.0
-9.267516429185909,-3.6063410137182927,0.0
-9.383672650749904,-4.327275211406878,0.0
8.028936047390669,-3.2067194304547426,1.0
9.448851926234143,4.321870169913921,1.0
4.689755902827094,10.634050049549476,1.0
-3.45797152366055,-11.673170230577407,0.0
-13.6666092597947,5.313237367740043,1.0
14.050903527977452,-5.283343793930101,0.0
3.221266912445276,-6.286746777998392,1.0
-12.588392047324637,7.539361595705517,1.0
9.821914248191579,-10.314980995994723,0.0
-15.233382443752793,3.014014971582629,1.0
1.2519726860486438,5.364938200642462,0.0
-9.515217203316404,-4.2733856055119315,0.0
-6.638961383134084,-9.219678290096029,0.0
7.945577631370836,7.806643827400459,1.0
-11.74254860094534,8.378679989306836,1.0
-9.474865529588143,-3.932445421999456,0.0
-7.0899953816123364,11.448705870064915,1.0
-9.472236815686665,-3.38235500274784,0.0
5.618788369301234,-12.036098487472902,0.0
-14.524440840699109,4.125459290271362,1.0
-12.100069808836022,7.614094212598677,1.0
-2.5816505956661753,6.504458455977376,0.0
1.7159476792150354,-6.4506078088014,1.0
8.22243078644918,-11.025797991353976,0.0
10.64634988680889,-9.394146471838575,0.0
1.8145495744257216,12.282873674505755,1.0
15.829071127064763,-0.4949564200572856,0.0
-0.2061247990743721,-12.876301056905072,0.0
-0.6149485403100241,-12.781577589732688,0.0
9.65020041525181,4.200025212386771,1.0
-1.4132880572445872,-5.3451082588197005,1.0
-4.785811649217195,-10.846304017248006,0.0
-7.92570741428295,-8.235721104195028,0.0
9.282610925546006,-0.32075522528755007,1.0
-14.278576741392778,5.180189095019472,1.0
-14.102858026933074,5.391619740449343,1.0
-8.386875224870822,2.7519930753081634,0.0
7.257214100926252,8.646084018203219,1.0
3.3994505472935947,-12.31001544547026,0.0
-15.654794756510144,1.5669940711677222,1.0
4.6736604131429145,10.561725718113836,1.0
-9.617926240196862,-0.5677906822725769,0.0
-12.592103929243894,7.6030808236350165,1.0
3.4700240763470567,11.685737729741405,1.0
-6.123281285054336,-9.476837647761426,0.0
2.133011152023403,12.097786933263652,1.0
-9.686525271064946,-3.3220374951768528,0.0
5.118395974192228,-5.878077241248444,1.0
-12.299101094410982,7.892513274475652,1.0
6.133972334785363,9.502221581030243,1.0
-1.2209818656057652,-12.295993261833864,0.0
6.223043878348782,9.008725709048843,1.0
6.697474023149184,-11.631017561828848,0.0
0.04590956840590264,-12.871664518884431,0.0
4.601705922745775,10.968839883715669,1.0
0.09967641473759882,-12.651352063658681,0.0
10.731692661815915,-9.491425372640164,0.0
-15.699725017574448,0.6239124655342093,1.0
-13.5190682650535,7.032401683502241,1.0
11.5902232606729,-8.810339989981705,0.0
-9.4980275075545,10.728590633749661,1.0
-5.0917453085555735,-10.613522264940352,0.0
0.7602045911876636,-12.532907209954745,0.0
-15.66625122177313,1.2877609026667396,1.0
-7.725036557741009,11.710201891131565,1.0
-15.374578872515281,2.597101907376796,1.0
15.151517655028085,-2.6960573805536865,0.0
-4.434812178380366,12.353009710552733,1.0
10.221708619616606,-9.836194011038849,0.0
-0.3536130213846474,12.461972934093554,1.0
-5.335969766237011,12.528854847899147,1.0
11.52158140607039,-8.668811975703473,0.0
-8.456232477162436,11.255656911522266,1.0
2.8481566901335467,11.927887467704306,1.0
-4.876805724661658,6.265320088932937,0.0
-4.153000565624332,12.877530209261337,1.0
0.6559209971780339,12.490508779581095,1.0
-9.470216770783825,-4.247637859368894,0.0
3.0195788401640105,-6.504862742657891,1.0
6.81570303795931,8.648921779283535,1.0
9.438098020816811,1.3828374120942695,1.0
0.4881926906759217,-12.610115059726423,0.0
-8.340660357077827,3.1725787940575074,0.0
9.654106896477728,0.7525262232860768,1.0
-16.170710817865988,0.5588071123981777,1.0
9.75348403496786,2.4108157467948237,1.0
-6.294884129086357,-9.17929047749373,0.0
-14.05422051912596,5.135130443093345,1.0
2.8467528663495356,-12.495193702725535,0.0
-14.181401745100864,4.637795223962017,1.0
1.6212079261311847,-6.317302859359133,1.0
8.707391004393243,6.333987231832419,1.0
8.079620997662095,-11.131892364753465,0.0
9.356571311232898,-10.504125167985663,0.0
-2.527012589098914,12.842972881700394,1.0
-12.699058941949001,7.127282468669843,1.0
12.095486218777573,-7.9525182273211215,0.0
-11.809084511059167,7.796790962911157,1.0
-13.741801571207477,5.166658568446545,1.0
7.581273125556855,-11.39077691757108,0.0
-15.45314908677942,1.126369684993328,1.0
-4.429227705123124,12.099795321203196,1.0
-1.857678338786138,-5.20758921129744,1.0
-4.206999407916071,12.788873434655125,1.0
-2.8654487510066318,-11.323628426377699,0.0
0.16651481157485828,12.504775490273005,1.0
5.306098318948588,-12.47223049064932,0.0
7.792474022616089,-11.432993891539233,0.0
9.04642483420566,5.283088520752338,1.0
7.098044130466782,-11.866645801929387,0.0
8.801308266862977,5.7054711130889615,1.0
14.109102080625505,-5.060105096935341,0.0
-12.503399523694785,7.97709766921965,1.0
-4.790623156028374,12.449898950312184,1.0
9.147824698179425,-0.3277187668697013,1.0
-8.832903420200308,-6.304580566238661,0.0
-1.9835131154643186,-12.105362864113772,0.0
-1.3932633863913626,-5.503225189595681,1.0
3.9797130816326662,10.943255055171196,1.0
-3.9539162628975486,12.550415712318054,1.0
-15.61768181334934,0.5488757008892777,1.0
14.116426864214068,-5.062882498904394,0.0
12.226781710423342,-8.361844244151788,0.0
-12.92248298091211,7.53545641157831,1.0
-13.762128841637786,6.034122807121763,1.0
1.6633721948061373,5.364347153945946,0.0
-8.668613708960644,-5.221967145161268,0.0
-9.587356900776655,-3.1488550652102782,0.0
-2.231200860831298,-11.641005309890264,0.0
-14.58865392431305,4.495181050005516,1.0
1.9135344105914343,-12.874683479262412,0.0
-3.621521008595101,5.918745333694033,0.0
4.489818049145988,-12.46283851746843,0.0
-3.3616680656231916,-3.4672498735671535,1.0
7.581219950262439,7.846979890183887,1.0
9.923065234248817,2.705422318606238,1.0
-4.284856907279394,-11.130003884756336,0.0
13.581918160397953,-6.040959688382131,0.0
8.567162536999113,6.8699092675161175,1.0
9.19848489581266,-10.461014251566999,0.0
-9.820507266210631,-1.6450950965119622,0.0
-6.751359947785409,4.79843572552893,0.0
-9.499590943737987,-2.226703372333318,0.0
-5.639269939691856,-9.797298276830722,0.0
-1.6122113010245909,6.702987498798496,0.0
-2.7826880989573612,6.639889765788452,0.0
-3.792670338109904,-11.351358246357142,0.0
-15.109099800830197,3.0628691751580392,1.0
-1.0364830296427394,6.4011621434435675,0.0
3.4410333297360607,-6.241207555563119,1.0
-7.446967219448749,3.8681320945975632,0.0
7.2966361742750525,-3.7947918594250956,1.0
12.62276305024395,-7.332478166507433,0.0
-8.85754023062732,2.79744713626092,0.0
1.7351722089050203,5.618697387980573,0.0
-15.546511128224727,2.273661681221839,1.0
-4.672335663028872,6.274569769228742,0.0
-1.5576313212023534,-12.104427530448119,0.0
-9.331316945412054,-1.427154292028503,0.0
0.10773594176759084,-12.355306870542659,0.0
3.6211471196677363,-6.527780338238383,1.0
-13.041587409241242,6.823494668703692,1.0
-4.868337263992887,-10.585910520514581,0.0
8.762964734546793,-10.429117255220454,0.0
-3.385807399754035,6.68767089245282,0.0
9.017972360706729,-1.7230047816210599,1.0
-3.4058790112988024,-3.142107042146158,1.0
-14.686857249260411,3.611074087828811,1.0
5.463427258951124,-12.371455439337836,0.0
14.589390530618974,-4.172518316514611,0.0
-8.534285990411634,11.421527673427182,1.0
-3.236849010343202,-3.8088891786117576,1.0
-10.439832061668433,9.792517338094665,1.0
1.6449649482794086,12.166291166103369,1.0
6.622389978391869,9.88240765786794,1.0
-3.7713026842228716,-1.0381200918744757,1.0
10.17647220812563,-9.648223961112059,0.0
-14.803914637321267,4.371421844842256,1.0
14.582555038535666,-4.703615162791714,0.0
-7.293986804795404,3.7594807021731036,0.0
-1.1917899304463642,12.79008110003074,1.0
14.994838205193576,-3.16686326765591,0.0
-15.355124928413522,2.78874672598278,1.0
-5.18714158385652,-10.385660313508643,0.0
-0.7096752571117271,-12.327148955125802,0.0
10.076556748699593,1.7771707426535124,1.0
-14.92260147064831,3.247385033194046,1.0
13.305622836604691,-6.224473357039459,0.0
-11.816265705024938,8.147032444909309,1.0
7.1901747230050725,-11.450158160406742,0.0
12.125196993787853,-8.209450216628257,0.0
-1.6772187323647147,-5.1653688227948775,1.0
11.323657650953779,-8.904426353756083,0.0
-6.188483200961007,-9.446545102415616,0.0
6.593518560931386,-4.943097120228554,1.0
-9.281466143911658,-1.677179157051086,0.0
-4.2618044988732535,12.456701671826348,1.0
0.6200276463350096,12.507322907716212,1.0
11.072605769205042,-8.962311297298951,0.0
5.452794579620229,9.617765565817715,1.0
3.770509802289938,-6.435047587086991,1.0
4.603824495686514,-6.127971220205767,1.0
13.175448983366747,-6.77296220400834,0.0
-3.643022342608275,-2.481714555206992,1.0
9.471322340741564,4.403593165682504,1.0
6.43694533893687,9.84105747857698,1.0
2.937129878880511,3.8912963553560656,0.0
3.443240444745142,-6.355722553515612,1.0
15.309687226897893,-1.9009282741454245,0.0
-9.237967231564502,10.515684539451497,1.0
5.1522348917206005,10.537917590070006,1.0
-4.4349182094592114,-11.027143048904286,0.0
0.8076579410133393,-12.817513268382102,0.0
15.431564776248827,-1.4288634417934847,0.0
10.956776132838613,-9.494857095153828,0.0
6.6679495918758835,-4.943935276546704,1.0
-14.641640359863173,3.824631641521975,1.0
7.633803394968218,-11.204139432152683,0.0
14.95412566330751,-1.99847686870164,0.0
-1.5506173915551746,-6.246421110578117,1.0
2.6360851617304606,4.492131763361586,0.0
8.879546404503733,-0.8392348073286524,1.0
2.135167858077404,-13.042958601992318,0.0
9.543264147893456,3.8951706891170446,1.0
9.699600432701438,2.3642153272222317,1.0
1.6910795660952902,-12.532731101235195,0.0
10.2811238756272,-9.432714664214165,0.0
8.96016847195013,-0.7665073601572003,1.0
-9.3743489006819,-4.086851893697254,0.0
2.990467247367786,-12.861639942916488,0.0
9.186603177379267,4.580216753962373,1.0
8.845436298228808,6.371538045792909,1.0
3.614639611969352,-12.578131974654097,0.0
8.871063060123385,-1.4427270273433512,1.0
3.769786068020498,-12.724323415849312,0.0
-0.21956222979303575,6.499174723146914,0.0
1.2928780045481705,-12.614158337522301,0.0
5.81569417123747,9.711143744302449,1.0
2.9538954851806505,11.684435776065618,1.0
-6.591350982318695,4.575233320449034,0.0
-1.8847394047073998,6.5929050499645045,0.0
-6.24178215436815,4.8736680855991175,0.0
7.218475712150816,-3.631725136093868,1.0
-0.9141621920318221,-12.686137235702121,0.0
-2.558514250020466,-11.646378453768117,0.0
7.649065191084954,8.461727304090466,1.0
-15.05824703003482,2.008477355559533,1.0
-9.557390285086123,-3.2566214688814092,0.0
9.4916662867322,0.03596621244950285,1.0
-1.0541621520204447,-11.996312656696382,0.0
0.5037143127101791,-12.875642943363014,0.0
-9.78976635022673,9.98784542373249,1.0
1.899430530978106,-6.943525752019111,1.0
14.655128055298643,-3.6548460480323013,0.0
-5.134254951165681,12.371519252875524,1.0
-6.674330270004706,4.899364082514077,0.0
6.561412499685969,9.49870723849912,1.0
-9.511480155190206,-0.9869364172942496,0.0
-4.9175277155850665,12.374346731260554,1.0
-7.66678365505305,3.429115471246591,0.0
-10.587909967480325,9.452639778844828,1.0
-3.902145695707701,12.79533823999461,1.0
5.329179890853476,-5.82869307502856,1.0
8.830762762394672,-10.67827119277165,0.0
-1.4978868911390193,12.346603912101498,1.0
9.323921838790284,0.7725452349157699,1.0
9.612529587146154,3.650966937020846,1.0
-4.108883865572574,12.558379644396284,1.0
3.223423603019613,-12.656586368581983,0.0
6.171408755368672,9.76133128528154,1.0
8.72971494148536,-2.087088909682862,1.0
-9.632225257535064,-0.7329905415332534,0.0
-8.183393925138256,11.12756284923021,1.0
-3.310801520988702,-3.7640777108838277,1.0
1.7176126264320397,-12.972410296075978,0.0
-9.174823325082318,1.1533704652994032,0.0
9.117377738880418,4.085497621635023,1.0
-5.024958115575049,5.963064536265564,0.0
8.452815560499554,-2.967518873674636,1.0
-8.367625937658191,2.864768068280654,0.0
-7.139093722074481,11.970120974907681,1.0
-8.245157968284222,10.927540469227527,1.0
-9.999787553183152,9.895169731085986,1.0
-11.697313428300552,8.197531426261854,1.0
3.689973870222838,11.095461813667882,1.0
0.6474069195220612,-6.198215808590965,1.0
9.076523471754774,-0.7619245113166163,1.0
-4.194071568389438,6.260640655402928,0.0
8.31259588647771,7.194512062691484,1.0
4.2012040375897355,11.201715015683792,1.0
-8.801738806361863,-6.330943016687983,0.0
-8.76904054943506,1.6264732698954023,0.0
-7.9212261510516715,-6.843245820995319,0.0
1.6751848306074528,-6.5761237279010665,1.0
3.422274343735934,2.645999271335811,0.0
-11.206137753003542,8.673856407288214,1.0
-15.522573894437688,0.3550805140733651,1.0
8.149363859321067,7.238176155283051,1.0
-6.464110475725244,4.945743649428478,0.0
-2.7843135409127604,6.445748856553678,0.0
-3.690529279958157,-11.268351534444585,0.0
5.99090260706302,-5.4771430219673185,1.0
-2.2387365916060142,12.835001962471894,1.0
9.20073784121418,4.046538995145213,1.0
-4.253870972663689,-10.982494084228971,0.0
15.70268800535388,-1.0500718736122296,0.0
8.450869572139187,6.691383557673512,1.0
-11.595383710077279,8.300222363403405,1.0
-5.074313368639224,5.89514849399362,0.0
-7.357580207255813,11.685471580189425,1.0
-12.684340525362131,7.603608556040227,1.0
-15.670097870995294,0.44525837783086103,1.0
6.657456423478373,-11.671590822891297,0.0
2.399256321685485,-12.66632550605427,0.0
2.4827856070430254,-12.526820900593199,0.0
2.5805966997711893,11.864310396913018,1.0
-5.43011165641438,12.179967183487879,1.0
8.977754785879656,-10.56451263712235,0.0
9.455398050121742,1.0263184605373008,1.0
-9.736536760225118,-1.370423717514415,0.0
0.7345026788135649,12.543915835147414,1.0
-5.634180370212696,5.620191419727033,0.0
9.218140744202042,5.558948222074064,1.0
9.222104704498397,4.57373212216831,1.0
5.163490682202212,10.329487746668478,1.0
15.03191826433333,-3.2414040693276926,0.0
-15.380637403926691,2.5526092423869646,1.0
-0.24725754059196065,-12.281837987598887,0.0
-4.883798898524925,-11.095713981928391,0.0
0.9375003054155944,-12.551856388378686,0.0
2.599651115943689,-12.543059857228954,0.0
-15.477337478004793,1.7712100504588237,1.0
-5.169693916066456,-10.207776027602009,0.0
-14.632697157718669,4.107574944486505,1.0
1.7382969590278976,-12.389893905555034,0.0
9.59438955432245,-10.309809402600136,0.0
7.555638510970015,8.228755087226482,1.0
9.253466143000864,-10.961423689888917,0.0
8.104184655037388,7.374222544356329,1.0
-5.727046806034792,5.1527167184588265,0.0
5.51315233392362,-5.354036363132695,1.0
9.605987090357795,4.142131009463145,1.0
2.7437905289937987,-12.504458015330792,0.0
-4.340653663832916,-10.863008246843208,0.0
7.374123873655076,8.504695437817253,1.0
-5.041738621118197,-10.451980249154103,0.0
-14.545673522315179,3.5952001867307795,1.0
-9.625790644947234,-3.120023185206724,0.0
-9.543176431672467,0.18428284553728091,0.0
6.767151067943741,9.256124210445403,1.0
15.463189094464546,-0.6742281943360295,0.0
10.836604774902815,-9.423328854800785,0.0
7.058363834812878,-12.012309680683686,0.0
2.742363721256683,3.8348931554551138,0.0
-9.15625998080705,-5.460029911414603,0.0
-7.13300560767257,-8.630299123292957,0.0
15.41941608552178,-1.6177859107277899,0.0
-3.473284795967377,12.56404004445399,1.0
0.4818399620692231,-12.624113132384045,0.0
7.86747299427492,-11.250077366998843,0.0
-9.472508797349658,-1.8659719546103626,0.0
15.350271416460139,-1.800574174912016,0.0
16.196822955042524,-0.4064435458520654,0.0
4.463971227273053,-6.090142089303037,1.0
9.420049270296058,3.4921743719936016,1.0
-8.971435215483647,10.638902074539876,1.0
-11.084345847038282,9.708926316240724,1.0
-8.609912030156497,-5.819519945659764,0.0
1.5041236187491764,5.858976381775722,0.0
6.20594169072536,9.21231949472304,1.0
9.557607057419233,5.137347261156332,1.0
-2.7606239799120584,6.536463251164353,0.0
14.480376722173553,-4.991221037374963,0.0
9.124094581398534,4.523636861149797,1.0
9.513238940715183,0.21610396729785725,1.0
4.83033819750604,-12.44587259393935,0.0
-6.247405048550543,-9.906830374134614,0.0
11.10667902819331,-8.413978905731804,0.0
-9.44516839051083,-0.9437502136086706,0.0
11.465715353652573,-8.588544845620362,0.0
-8.366833812443327,3.522136959451225,0.0
13.657192033308496,-5.860423501791068,0.0
4.878713143746865,10.821643502343141,1.0
1.4649968481558164,-6.317957910163465,1.0
-9.061489040207961,-5.357318187861259,0.0
3.302972894137529,-6.493626200097644,1.0
-5.313449205414275,5.584774704590606,0.0
15.281204567781893,-1.0602545293054795,0.0
-6.795681159762454,4.430284574084305,0.0
3.4902953858078214,2.7746964612613603,0.0
-1.0905914829991454,12.936192041524397,1.0
2.153729428836057,5.061258243711089,0.0
-9.442255068537545,-3.0288745630708487,0.0
-0.9627353486359675,-12.600081976287104,0.0
1.046590415780583,-12.473508682302064,0.0
-8.808816699045629,11.040002300191805,1.0
-4.17170124140122,-11.162558252964423,0.0
-1.8332980144547926,-12.309103626521953,0.0
-13.939649461874343,5.433822777520396,1.0
-9.24457908025815,-3.830402018687373,0.0
-4.571205348080522,-10.81679274002022,0.0
8.032733964807532,-3.6822458279974852,1.0
5.402617632022617,-12.268643413507554,0.0
4.892100952597739,-5.989149542774817,1.0
-7.302725853811902,11.387128945867337,1.0
1.8480131951524854,12.19304025221591,1.0
3.644580498379199,-6.384663196540175,1.0
13.994591122887293,-5.213744151430626,0.0
5.116406969010266,-5.97902850982552,1.0
-12.73345294127393,7.261961997595961,1.0
-9.499762797661221,-1.1561107952192409,0.0
8.832737294075384,-2.1445926638752675,1.0
-0.9653029974149944,12.548312337436773,1.0
-6.205967998312554,5.069840557566759,0.0
3.5433361098093847,0.9815260214959547,0.0
10.62549476715306,-9.468969066818564,0.0
-9.43258679881049,-4.114055649195204,0.0
2.5524337529621746,-7.043323617251963,1.0
13.53956542918735,-6.628827735542478,0.0
8.812336332727169,5.17799266703148,1.0
9.014456367609904,-10.262218503775667,0.0
-7.418719681134224,4.324990774643643,0.0
-4.37365411749561,-10.909048079953076,0.0
6.4484701215287314,-4.6792745653531576,1.0
-8.525371040039419,2.5424787999873915,0.0
3.0963167502714106,-12.281394365568847,0.0
9.129288429236583,-1.682456615350667,1.0
-9.231106704898414,-4.47652328744876,0.0
-4.136052870015673,12.337478021478603,1.0
5.7816656402974145,-11.797162870099513,0.0
-7.85744300612986,11.3931556729267,1.0
6.943192982243529,-4.06035942993906,1.0
12.504399029410918,-7.49122142607458,0.0
0.3156479519768871,-12.548151825035486,0.0
-8.842757405462656,2.3899686000780407,0.0
-15.367057001963197,1.7072461591289396,1.0
4.864787545491293,-12.463961249296421,0.0
-5.815858608776664,-10.10662947598476,0.0
-5.848491188767133,12.17128764662174,1.0
4.761701145750628,-5.5194375019311686,1.0
6.171533719143398,-4.9824580356045525,1.0
2.985897153548117,-13.112767620567626,0.0
-4.70372536117908,-10.559743909977831,0.0
12.057640011506166,-8.10299220400709,0.0
-13.535072789636677,6.38930882203709,1.0
8.366172943820557,-11.027213896742797,0.0
6.990633966915656,-4.602729287598201,1.0
-8.199804430429833,3.505901819288636,0.0
-5.045851376260925,-10.702782484312676,0.0
-2.9748246992773195,12.619567271095834,1.0
-12.535740664173991,7.359647298989614,1.0
-14.489495259472708,3.9060141438868348,1.0
-5.0315440255449175,-10.99716722873973,0.0
6.9694901087093415,-4.806473679953499,1.0
2.176204422683752,4.939131462295995,0.0
-8.589689238660084,10.88795298842914,1.0
-0.25960304375298443,-12.226697507937878,0.0
8.314031841377313,-10.942088992187292,0.0
8.913464632266056,5.585552329874667,1.0
-9.632742178675127,-0.43227337474616767,0.0
-7.820047800995766,3.457288112983177,0.0
6.153954024939235,9.448700443495019,1.0
-12.524796718933985,7.735307515998566,1.0
13.400390052674505,-6.191699929716933,0.0
3.3333832566019916,3.1622933224767533,0.0
-12.313535207618699,7.898543453563792,1.0
1.9812159892579666,11.757568792706113,1.0
-15.374433015366034,0.46140719435547173,1.0
15.306013706846551,-2.6590469790039606,0.0
2.2749163459600994,5.226023680905727,0.0
4.525506674795013,-5.940694625791928,1.0
-4.456557569416307,5.976000999814913,0.0
-14.387567130782143,4.0451686019344955,1.0
9.369620207592561,-0.6585214797528498,1.0
9.68890710578062,3.184049224565192,1.0
1.315933418105366,-12.68732109704193,0.0
14.036585438897767,-5.205181720041131,0.0
-7.483234514161378,11.51685240926402,1.0
-15.66763890894302,1.3760666914545874,1.0
-13.312713202544995,6.580618045194356,1.0
-7.007919432092145,-8.490055842171127,0.0
4.320579587835224,-12.561103390580366,0.0
5.504949136272018,-5.348377354713879,1.0
6.189861592407151,9.702288170569009,1.0
3.323901653043297,-6.336626721410057,1.0
3.546727867711815,2.618103028999216,0.0
2.2824533794017094,11.93044075077308,1.0
-0.1568960619309131,12.617304274657732,1.0
10.025068610553358,-9.577429357808212,0.0
-10.66686820369266,9.703346890481125,1.0
4.198337737235882,10.66356070342944,1.0
-8.797047776749507,2.032160102213166,0.0
-2.230877910849043,12.445885498768547,1.0
9.378174592425113,-0.3189116729992856,1.0
8.437525043217642,6.224811630613985,1.0
-9.199839457551326,1.2500372759053564,0.0
-9.3337130443266,-5.37568697578112,0.0
-0.057306478686474316,12.311112164941488,1.0
3.2731542395437625,-12.854681775942424,0.0
4.9912962842616,-12.134409479809888,0.0
15.299828789130048,-2.3898507109404283,0.0
0.04498991119467327,-6.326578569305392,1.0
9.842780837396406,1.1127117844037766,1.0
2.475068389101514,-12.602411964044235,0.0
8.040849151665517,7.674589785636243,1.0
14.483669476254272,-3.7854741585841425,0.0
-14.27901891131472,4.330976221082993,1.0
1.5244840958712949,12.134881548433,1.0
-9.528930955369416,-0.34594417628434426,0.0
8.616936995103899,-2.8773826640816402,1.0
14.431933993187464,-4.76994565814705,0.0
-2.479001755272473,6.342140199005071,0.0
12.389356004423453,-7.78442642870339,0.0
-6.887249682829958,-8.47707667274392,0.0
-6.9181952564236475,11.613426411043116,1.0
-7.956124670467812,3.537262250053846,0.0
15.588116323321975,-1.0241266377108054,0.0
-15.663797543399738,1.6391825284501302,1.0
-10.491662113814241,9.579171500200886,1.0
-8.312481730788713,10.66763705826321,1.0
-8.974330208288668,1.3349574539657385,0.0
12.81240049472886,-6.701939050075126,0.0
-4.836909003564307,-10.580858478284522,0.0
10.719858180952054,-9.354232680389668,0.0
-1.2516740368492378,-12.427519772230221,0.0
13.962937972209994,-5.855336364510728,0.0
-2.2985936507401674,12.726589863927268,1.0
-6.66000424942795,4.874106152995878,0.0
9.045628760879026,5.179255830695997,1.0
1.0840118772172473,-12.50965669430044,0.0
-0.18317266397678564,6.050955108578854,0.0
15.624565354801824,-1.96193049868962,0.0
2.513232463364786,11.961439924683742,1.0
1.4283876121275285,-6.257493900934607,1.0
9.306590839799554,-0.8805115730056089,1.0
3.653188828212696,-6.362747654744748,1.0
-11.95591623821446,8.944352525183808,1.0
-8.991375760863248,1.7091574999550647,0.0
-8.415024666539301,-6.863302550998794,0.0
4.192592850600988,10.993968780092809,1.0
-2.6315177847695033,12.526741317638914,1.0
10.030505048357936,0.9730152756484441,1.0
-8.110384792160708,3.489379822593342,0.0
6.985128925495286,-4.446105508660722,1.0
-1.2616162709353722,-12.317391664409081,0.0
2.6846347965898096,-12.493331901631223,0.0
-10.532813229052472,9.460294594853476,1.0
10.021228745683924,-9.636213939733903,0.0
-7.872661161085155,3.3606557884088337,0.0
15.149870204700035,-3.87014347774057,0.0
-12.640083768788518,7.283774709848165,1.0
8.33451152545542,-2.611845309219513,1.0
9.67175918596158,1.6448075619532971,1.0
3.0685183478458695,-6.452455269381562,1.0
9.234613818943185,4.662349773149199,1.0
-9.4222892526746,-4.784494810975993,0.0
-8.75176503659305,10.623437912755243,1.0
-14.938895722930079,3.936829538526953,1.0
15.149944081855047,-2.4550240297015407,0.0
-9.488228323776893,-4.248363099586115,0.0
15.172690839983755,-1.8079955068471094,0.0
4.025482191777053,11.142643293916198,1.0
7.534543530664779,7.819836038053869,1.0
-5.381849703898531,-9.71837128580942,0.0
5.208568064934391,-5.973343935340071,1.0
11.739148020284974,-8.24665358585922,0.0
0.539446326323134,5.992795632282778,0.0
4.632684783558679,-12.537290115285527,0.0
9.304704467040812,-10.349870595151069,0.0
-8.313816684758073,-7.097034215273449,0.0
-12.965915368362044,7.077405526013669,1.0
-6.770369289764361,-8.979640573475239,0.0
7.972614929267671,-3.347497939959387,1.0
14.98916946283712,-3.8795184624828236,0.0
3.506531794200625,0.8139090778932432,0.0
-15.612027093793625,0.33922917806591074,1.0
-6.108111533925456,-9.836347326695018,0.0
-9.860862438950186,10.241428352693848,1.0
-2.342103100041437,6.491301075040372,0.0
12.374410675615565,-7.461359486369406,0.0
1.821197385743742,-6.428104502051634,1.0
-8.062714711960897,3.1520726102397623,0.0
9.443694302640186,1.5829293439308652,1.0
8.273632169696453,-2.240049061229475,1.0
-14.719036578601749,4.857890734504632,1.0
3.5959857119974163,-12.617969767100094,0.0
0.7744705006778001,-6.1276826180825354,1.0
4.650708603143331,-12.665289371567114,0.0
10.801426874112126,-8.924225914323749,0.0
